Ubicaciones,Tipo ubicación,Hecho Victimizante,Tipo Hecho,Afectación,Tipo Afectación,Temporalidad,Tipo Temporalidad,Entidades,Tipo Entidad
medellín,municipio,masacre,masacre,secuelas,físicas,noviembre,meses,víctima,entidades
abejorral,municipio,acribillado,masacre,violencia,físicas,abril,meses,muertos,entidades
abriaquí,municipio,acribillados,masacre,heridos,físicas,mayo,meses,muerto,entidades
alejandría,municipio,asesinado,masacre,asesinados,físicas,octubre,meses,profe,entidades
amagá,municipio,asesinato,masacre,asesinato,físicas,enero,meses,profesor,entidades
amalfi,municipio,asesinar,masacre,accidente,físicas,febrero,meses,sindicato,entidades
andes,municipio,matar,masacre,cicatrices,físicas,marzo,meses,personas,entidades
angelópolis,municipio,masacrar,masacre,herida,físicas,junio,meses,mamá,entidades
angostura,municipio,masacrado,masacre,esquirlas,físicas,julio,meses,papá,entidades
anorí,municipio,enfrentamiento,masacre,cáncer,físicas,agosto,meses,hermano,entidades
tununguá,municipio,combate,masacre,quemaduras,físicas,diciembre,meses,hermana,entidades
anza,municipio,conflicto,masacre,amputaciones,físicas,septiembre,meses,tío,entidades
apartadó,municipio,guerra,masacre,inmovilidad,físicas,1 de la mañana,horas,tía,entidades
arboletes,municipio,degollamiento,masacre,mutilación,físicas,2 de la mañana,horas,abuela,entidades
argelia,municipio,decapitar,masacre,dolores,físicas,3 de la mañana,horas,abuelo,entidades
armenia,municipio,degollar,masacre,nos auxiliaron,físicas,4 de la mañana,horas,minero,entidades
barbosa,municipio,homicidio,masacre,maltrato,físicas,5 de la mañana,horas,alcalde,entidades
bello,municipio,feminicidio,masacre,sufrimiento,físicas,6 de la mañana,horas,maestro,entidades
betania,municipio,exterminio,violencia política,muerte lenta,físicas,7 de la mañana,horas,el profe,entidades
betulia,municipio,partido,violencia política,recobrar la libertad,físicas,8 de la mañana,horas,banda marcial,entidades
ciudad bolívar,municipio,lucha,violencia política,secuelas,psicológicas,9 de la mañana,horas,niña,entidades
briceño,municipio,complot,violencia política,miedo,psicológicas,10 de la mañana,horas,familias,entidades
buriticá,municipio,paro,violencia política,extraño,psicológicas,11 de la mañana,horas,vecino,entidades
cáceres,municipio,embarazo,violencia sexual,terror,psicológicas,12 de la tarde,horas,líder,entidades
caicedo,municipio,parto,violencia sexual,memoria,psicológicas,1 de la tarde,horas,partera,entidades
caldas,municipio,violación,violencia sexual,desespero,psicológicas,2 de la tarde,horas,defensora,entidades
campamento,municipio,agresión,violencia sexual,duelo,psicológicas,3 de la tarde,horas,religiosa,entidades
cañasgordas,municipio,empalamiento,violencia sexual,olvido,psicológicas,4 de la tarde,horas,compañero,entidades
caracolí,municipio,abuso,violencia sexual,paranoia,psicológicas,5 de la tarde,horas,campesinos,entidades
caramanta,municipio,maltrato,violencia sexual,llanto,psicológicas,6 de la tarde,horas,padre,entidades
carepa,municipio,huir,desplazamiento,psicosis,psicológicas,7 de la tarde,horas,terratenientes,entidades
motavita,municipio,esconderse,desplazamiento,depresión,psicológicas,12 del medio día,horas,muñeco,entidades
carolina,municipio,escape,desplazamiento,ira,psicológicas,6 de la noche,horas,amigas,entidades
caucasia,municipio,expulsión,desplazamiento,estrés,psicológicas,7 de la noche,horas,amigos,entidades
chigorodó,municipio,éxodo,desplazamiento,miedo a la noche,psicológicas,8 de la noche,horas,indígena,entidades
cisneros,municipio,caminar,desplazamiento,miedo a la vida,psicológicas,9 de la noche,horas,mujer,entidades
cocorná,municipio,refugiados,desplazamiento,miedo a las balas,psicológicas,10 de la noche,horas,arijuna,entidades
concepción,municipio,escapar,desplazamiento,noche,psicológicas,11 de la noche,horas,paisano,entidades
concordia,municipio,escaparse,desplazamiento,ya uno no dormía,psicológicas,12 de la noche,horas,indios,entidades
copacabana,municipio,desplazamiento,desplazamiento,miedo al extraño,psicológicas,12 de la madrugada,horas,líder social,entidades
dabeiba,municipio,desplazados,desplazamiento,memoria de las victimas,psicológicas,1 de la madrugada,horas,civiles,entidades
don matías,municipio,asilo,desplazamiento,uno le parece que se va a enloquecer,psicológicas,2 de la madrugada,horas,menores,entidades
ebéjico,municipio,asentaron,desplazamiento,noche muy negra,psicológicas,3 de la madrugada,horas,enfermera,entidades
el bagre,municipio,asentamiento,desplazamiento,vivía en paz,psicológicas,4 de la madrugada,horas,medico,entidades
entrerrios,municipio,saqueo,desplazamiento,tranquilo,psicológicas,5 de la madrugada,horas,auxiliar,entidades
envigado,municipio,toma,amenazas,carencia,económicas / materiales,domingo,días,comadre,entidades
fredonia,municipio,tiros,amenazas,dinero,económicas / materiales,lunes,días,aliciente,entidades
san bernardo del viento,municipio,disparos,amenazas,descalzo,económicas / materiales,martes,días,paciente,entidades
giraldo,municipio,acusación,amenazas,dificultades,económicas / materiales,miércoles,días,joven,entidades
girardota,municipio,regresar,amenazas,desempleo,económicas / materiales,jueves,días,monjas,entidades
gómez plata,municipio,amenaza,amenazas,salud,económicas / materiales,viernes,días,comunicadores,entidades
istmina,municipio,panfleto,amenazas,escasez,económicas / materiales,sábado,días,maestros,entidades
guadalupe,municipio,encierro,secuestro,desabastecimiento,económicas / materiales,jueves,días,colectivo,entidades
guarne,municipio,secuestro,secuestro,descuido,económicas / materiales,,,alcalde,entidades
guatapé,municipio,secuestrado,secuestro,abandono,económicas / materiales,,,concejales,entidades
heliconia,municipio,secuestrar,secuestro,pérdida,económicas / materiales,,,fulano,entidades
hispania,municipio,encerrar,secuestro,falta de vías,económicas / materiales,,,izquierda,entidades
itagui,municipio,guardar,secuestro,sistema deficiente de salud y educación,económicas / materiales,,,moir,entidades
ituango,municipio,heridas,tortura,nos dieron ropa,económicas / materiales,,,up,entidades
belmira,municipio,torturado,tortura,falta de insumos,económicas / materiales,,,unión patriótica,entidades
jericó,municipio,sevicia,tortura,falta de medicamentos,económicas / materiales,,,sindicato,entidades
la ceja,municipio,desmembramiento,tortura,falta de equipos médicos,económicas / materiales,,,fernando,entidades
la estrella,municipio,calcinamiento,tortura,no tenía lo necesario,económicas / materiales,,,nando,entidades
la pintada,municipio,ahorcamiento,tortura,mala administración,económicas / materiales,,,marcos,entidades
la unión,municipio,corte,tortura,exterminio político,político / sociales,,,roberto,entidades
liborina,municipio,tortura,tortura,dictadura,político / sociales,,,palagua murillo,entidades
maceo,municipio,detonación,terrorismo,manifestación,político / sociales,,,comité de amenazados,entidades
marinilla,municipio,ataque,terrorismo,protesta,político / sociales,,,ludivia,entidades
montebello,municipio,atentado,terrorismo,reunión,político / sociales,,,frankie,entidades
murindó,municipio,bomba,terrorismo,denuncias,político / sociales,,,ómar,entidades
mutatá,municipio,incendio,terrorismo,contrabando,político / sociales,,,jorge,entidades
nariño,municipio,carrobomba,terrorismo,extradición,político / sociales,,,tiberio fernández,entidades
necoclí,municipio,motobomba,terrorismo,descuido estatal,político / sociales,,,ernesto samper,entidades
nechí,municipio,explosión,terrorismo,manifestación pacifica,político / sociales,,,alba mery chilito,entidades
olaya,municipio,cilindro,terrorismo,descuido estatal,político / sociales,,,carmen cuadrado fince,entidades
peñol,municipio,estallido,terrorismo,muertos,físicas,,,clan uriana,entidades
peque,municipio,pipeta,terrorismo,muerto,físicas,,,wayuu,entidades
pueblorrico,municipio,destrozo,terrorismo,,,,,rey,entidades
puerto berrío,municipio,terrorismo,terrorismo,,,,,iguarán,entidades
puerto nare,municipio,censo de victimas,masacre,,,,,simón barros epieyu,entidades
puerto triunfo,municipio,violencia política,violencia política,,,,,chema bala,entidades
remedios,municipio,operación contrainsurgente,violencia política,,,,,jorge cuarenta,entidades
retiro,municipio,conciencia social,violencia política,,,,,reina,entidades
rionegro,municipio,lucha política,violencia política,,,,,rubén epinay,entidades
sabanalarga,municipio,exterminio político,violencia política,,,,,diana fince uriana,entidades
sabaneta,municipio,asesinato sistemático,violencia política,,,,,rosa de la nieve mosquera cuello,entidades
salgar,municipio,me perseguía,violencia sexual,,,,,camilo,entidades
ciénega,municipio,me cogía contra una pared,violencia sexual,,,,,misioneras agustinas,entidades
santacruz,municipio,me daba,violencia sexual,,,,,afectado,entidades
san francisco,municipio,nos separamos,violencia sexual,,,,,antún ramos,entidades
san jerónimo,municipio,toma guerrillera,amenazas,,,,,auria,entidades
puerto wilches,municipio,toma paramilitar,amenazas,,,,,soraya bayuelo,entidades
puerto parra,municipio,no son nadie,amenazas,,,,,el chichi,entidades
san luis,municipio,toque de queda,amenazas,,,,,beatriz,entidades
san pedro,municipio,ataque guerrillero,amenazas,,,,,maría angélica roncallo bayuelo,entidades
san rafael,municipio,ataque paramilitar,amenazas,,,,,farc,grupos armados
san roque,municipio,quitar los dedos,tortura,,,,,paracos,grupos armados
san vicente,municipio,brazo calcinado,tortura,,,,,paramilitares,grupos armados
santa bárbara,municipio,profanar,terrorismo,,,,,paras,grupos armados
santo domingo,municipio,profanado tumbas,terrorismo,,,,,eln,grupos armados
el santuario,municipio,carro bomba,terrorismo,,,,,auc,grupos armados
segovia,municipio,cilindro bomba,terrorismo,,,,,guerrilla,grupos armados
sopetrán,municipio,,,,,,,batallón,grupos armados
uribe,municipio,,,,,,,ejercito,grupos armados
támesis,municipio,,,,,,,policía,grupos armados
tarazá,municipio,,,,,,,guerrero,grupos armados
tarso,municipio,,,,,,,soldado,grupos armados
titiribí,municipio,,,,,,,tropas,grupos armados
toledo,municipio,,,,,,,narcotraficantes,grupos armados
turbo,municipio,,,,,,,estado,grupos armados
uramita,municipio,,,,,,,militares,grupos armados
urrao,municipio,,,,,,,dueño,grupos armados
valdivia,municipio,,,,,,,autoridades,grupos armados
valparaíso,municipio,,,,,,,comandante,grupos armados
vegachí,municipio,,,,,,,sijin,grupos armados
venecia,municipio,,,,,,,revolucionarios del nordeste,grupos armados
yalí,municipio,,,,,,,autodefensas unidas de colombia,grupos armados
yarumal,municipio,,,,,,,bloque norte,grupos armados
yolombó,municipio,,,,,,,bloque 58,grupos armados
yondó,municipio,,,,,,,frente 37,grupos armados
zaragoza,municipio,,,,,,,fuerza publica,grupos armados
barranquilla,municipio,,,,,,,fuerzas armadas de colombia,grupos armados
baranoa,municipio,,,,,,,informantes,grupos armados
candelaria,municipio,,,,,,,bloque metro,grupos armados
galapa,municipio,,,,,,,funeraria,organizaciones
luruaco,municipio,,,,,,,oea,organizaciones
malambo,municipio,,,,,,,asociación de victimas,organizaciones
manatí,municipio,,,,,,,comité de derechos humanos,organizaciones
piojó,municipio,,,,,,,empresa minera,organizaciones
polonuevo,municipio,,,,,,,empresas comunitarias,organizaciones
sabanagrande,municipio,,,,,,,federal de estados unidos,organizaciones
sabanalarga,municipio,,,,,,,estado colombiano,organizaciones
santa lucía,municipio,,,,,,,secretaría de asuntos indígenas,organizaciones
santo tomás,municipio,,,,,,,museo itinerante de la memoria,organizaciones
soledad,municipio,,,,,,,,
suan,municipio,,,,,,,,
tubará,municipio,,,,,,,,
usiacurí,municipio,,,,,,,,
achí,municipio,,,,,,,,
arenal,municipio,,,,,,,,
arjona,municipio,,,,,,,,
arroyohondo,municipio,,,,,,,,
calamar,municipio,,,,,,,,
cantagallo,municipio,,,,,,,,
cicuco,municipio,,,,,,,,
córdoba,municipio,,,,,,,,
clemencia,municipio,,,,,,,,
el guamo,municipio,,,,,,,,
magangué,municipio,,,,,,,,
mahates,municipio,,,,,,,,
margarita,municipio,,,,,,,,
montecristo,municipio,,,,,,,,
mompós,municipio,,,,,,,,
morales,municipio,,,,,,,,
norosí,municipio,,,,,,,,
pinillos,municipio,,,,,,,,
regidor,municipio,,,,,,,,
río viejo,municipio,,,,,,,,
san estanislao,municipio,,,,,,,,
san fernando,municipio,,,,,,,,
san juan nepomuceno,municipio,,,,,,,,
santa catalina,municipio,,,,,,,,
santa rosa,municipio,,,,,,,,
simití,municipio,,,,,,,,
soplaviento,municipio,,,,,,,,
talaigua nuevo,municipio,,,,,,,,
tiquisio,municipio,,,,,,,,
turbaco,municipio,,,,,,,,
turbaná,municipio,,,,,,,,
villanueva,municipio,,,,,,,,
tunja,municipio,,,,,,,,
almeida,municipio,,,,,,,,
aquitania,municipio,,,,,,,,
arcabuco,municipio,,,,,,,,
berbeo,municipio,,,,,,,,
betéitiva,municipio,,,,,,,,
boavita,municipio,,,,,,,,
boyacá,municipio,,,,,,,,
briceño,municipio,,,,,,,,
buena vista,municipio,,,,,,,,
busbanzá,municipio,,,,,,,,
caldas,municipio,,,,,,,,
campohermoso,municipio,,,,,,,,
cerinza,municipio,,,,,,,,
chinavita,municipio,,,,,,,,
chiquinquirá,municipio,,,,,,,,
chiscas,municipio,,,,,,,,
chita,municipio,,,,,,,,
chitaraque,municipio,,,,,,,,
chivatá,municipio,,,,,,,,
cómbita,municipio,,,,,,,,
coper,municipio,,,,,,,,
corrales,municipio,,,,,,,,
covarachía,municipio,,,,,,,,
cubará,municipio,,,,,,,,
cucaita,municipio,,,,,,,,
cuítiva,municipio,,,,,,,,
chíquiza,municipio,,,,,,,,
chivor,municipio,,,,,,,,
duitama,municipio,,,,,,,,
el cocuy,municipio,,,,,,,,
el espino,municipio,,,,,,,,
firavitoba,municipio,,,,,,,,
floresta,municipio,,,,,,,,
gachantivá,municipio,,,,,,,,
gameza,municipio,,,,,,,,
garagoa,municipio,,,,,,,,
guacamayas,municipio,,,,,,,,
guateque,municipio,,,,,,,,
guayatá,municipio,,,,,,,,
güicán,municipio,,,,,,,,
iza,municipio,,,,,,,,
jenesano,municipio,,,,,,,,
jericó,municipio,,,,,,,,
labranzagrande,municipio,,,,,,,,
la capilla,municipio,,,,,,,,
la victoria,municipio,,,,,,,,
macanal,municipio,,,,,,,,
maripí,municipio,,,,,,,,
miraflores,municipio,,,,,,,,
mongua,municipio,,,,,,,,
monguí,municipio,,,,,,,,
moniquirá,municipio,,,,,,,,
muzo,municipio,,,,,,,,
nobsa,municipio,,,,,,,,
nuevo colón,municipio,,,,,,,,
oicatá,municipio,,,,,,,,
otanche,municipio,,,,,,,,
pachavita,municipio,,,,,,,,
páez,municipio,,,,,,,,
paipa,municipio,,,,,,,,
pajarito,municipio,,,,,,,,
panqueba,municipio,,,,,,,,
pauna,municipio,,,,,,,,
paya,municipio,,,,,,,,
pesca,municipio,,,,,,,,
pisba,municipio,,,,,,,,
puerto boyacá,municipio,,,,,,,,
quípama,municipio,,,,,,,,
ramiriquí,municipio,,,,,,,,
ráquira,municipio,,,,,,,,
rondón,municipio,,,,,,,,
saboyá,municipio,,,,,,,,
sáchica,municipio,,,,,,,,
samacá,municipio,,,,,,,,
san eduardo,municipio,,,,,,,,
san mateo,municipio,,,,,,,,
santana,municipio,,,,,,,,
santa maría,municipio,,,,,,,,
santa sofía,municipio,,,,,,,,
sativanorte,municipio,,,,,,,,
sativasur,municipio,,,,,,,,
siachoque,municipio,,,,,,,,
soatá,municipio,,,,,,,,
socotá,municipio,,,,,,,,
socha,municipio,,,,,,,,
sogamoso,municipio,,,,,,,,
somondoco,municipio,,,,,,,,
sora,municipio,,,,,,,,
sotaquirá,municipio,,,,,,,,
soracá,municipio,,,,,,,,
susacón,municipio,,,,,,,,
sutamarchán,municipio,,,,,,,,
sutatenza,municipio,,,,,,,,
tasco,municipio,,,,,,,,
tenza,municipio,,,,,,,,
tibaná,municipio,,,,,,,,
tinjacá,municipio,,,,,,,,
tipacoque,municipio,,,,,,,,
toca,municipio,,,,,,,,
tópaga,municipio,,,,,,,,
tota,municipio,,,,,,,,
turmequé,municipio,,,,,,,,
tutazá,municipio,,,,,,,,
umbita,municipio,,,,,,,,
ventaquemada,municipio,,,,,,,,
viracachá,municipio,,,,,,,,
zetaquira,municipio,,,,,,,,
manizales,municipio,,,,,,,,
aguadas,municipio,,,,,,,,
anserma,municipio,,,,,,,,
aranzazu,municipio,,,,,,,,
belalcázar,municipio,,,,,,,,
chinchiná,municipio,,,,,,,,
filadelfia,municipio,,,,,,,,
la dorada,municipio,,,,,,,,
la merced,municipio,,,,,,,,
manzanares,municipio,,,,,,,,
marmato,municipio,,,,,,,,
marulanda,municipio,,,,,,,,
neira,municipio,,,,,,,,
norcasia,municipio,,,,,,,,
pácora,municipio,,,,,,,,
palestina,municipio,,,,,,,,
pensilvania,municipio,,,,,,,,
riosucio,municipio,,,,,,,,
risaralda,municipio,,,,,,,,
salamina,municipio,,,,,,,,
samaná,municipio,,,,,,,,
san josé,municipio,,,,,,,,
supía,municipio,,,,,,,,
victoria,municipio,,,,,,,,
villamaría,municipio,,,,,,,,
viterbo,municipio,,,,,,,,
florencia,municipio,,,,,,,,
albania,municipio,,,,,,,,
curillo,municipio,,,,,,,,
el doncello,municipio,,,,,,,,
el paujil,municipio,,,,,,,,
morelia,municipio,,,,,,,,
puerto rico,municipio,,,,,,,,
solano,municipio,,,,,,,,
solita,municipio,,,,,,,,
valparaíso,municipio,,,,,,,,
popayán,municipio,,,,,,,,
almaguer,municipio,,,,,,,,
argelia,municipio,,,,,,,,
balboa,municipio,,,,,,,,
bolívar,municipio,,,,,,,,
buenos aires,municipio,,,,,,,,
cajibío,municipio,,,,,,,,
caldono,municipio,,,,,,,,
caloto,municipio,,,,,,,,
corinto,municipio,,,,,,,,
el tambo,municipio,,,,,,,,
florencia,municipio,,,,,,,,
guachené,municipio,,,,,,,,
guapi,municipio,,,,,,,,
inzá,municipio,,,,,,,,
jambaló,municipio,,,,,,,,
la sierra,municipio,,,,,,,,
la vega,municipio,,,,,,,,
lópez,municipio,,,,,,,,
mercaderes,municipio,,,,,,,,
miranda,municipio,,,,,,,,
morales,municipio,,,,,,,,
padilla,municipio,,,,,,,,
patía,municipio,,,,,,,,
piamonte,municipio,,,,,,,,
piendamó,municipio,,,,,,,,
puerto tejada,municipio,,,,,,,,
puracé,municipio,,,,,,,,
rosas,municipio,,,,,,,,
santa rosa,municipio,,,,,,,,
silvia,municipio,,,,,,,,
sotara,municipio,,,,,,,,
suárez,municipio,,,,,,,,
sucre,municipio,,,,,,,,
timbío,municipio,,,,,,,,
timbiquí,municipio,,,,,,,,
toribio,municipio,,,,,,,,
totoró,municipio,,,,,,,,
villa rica,municipio,,,,,,,,
valledupar,municipio,,,,,,,,
aguachica,municipio,,,,,,,,
agustín codazzi,municipio,,,,,,,,
astrea,municipio,,,,,,,,
becerril,municipio,,,,,,,,
bosconia,municipio,,,,,,,,
chimichagua,municipio,,,,,,,,
chiriguaná,municipio,,,,,,,,
curumaní,municipio,,,,,,,,
el copey,municipio,,,,,,,,
el paso,municipio,,,,,,,,
gamarra,municipio,,,,,,,,
gonzález,municipio,,,,,,,,
la gloria,municipio,,,,,,,,
manaure,municipio,,,,,,,,
pailitas,municipio,,,,,,,,
pelaya,municipio,,,,,,,,
pueblo bello,municipio,,,,,,,,
la paz,municipio,,,,,,,,
san alberto,municipio,,,,,,,,
san diego,municipio,,,,,,,,
san martín,municipio,,,,,,,,
tamalameque,municipio,,,,,,,,
montería,municipio,,,,,,,,
ayapel,municipio,,,,,,,,
buenavista,municipio,,,,,,,,
canalete,municipio,,,,,,,,
cereté,municipio,,,,,,,,
chimá,municipio,,,,,,,,
chinú,municipio,,,,,,,,
cotorra,municipio,,,,,,,,
lorica,municipio,,,,,,,,
los córdobas,municipio,,,,,,,,
momil,municipio,,,,,,,,
moñitos,municipio,,,,,,,,
planeta rica,municipio,,,,,,,,
pueblo nuevo,municipio,,,,,,,,
puerto escondido,municipio,,,,,,,,
purísima,municipio,,,,,,,,
sahagún,municipio,,,,,,,,
san andrés sotavento,municipio,,,,,,,,
san antero,municipio,,,,,,,,
san pelayo,municipio,,,,,,,,
tierralta,municipio,,,,,,,,
tuchín,municipio,,,,,,,,
valencia,municipio,,,,,,,,
anapoima,municipio,,,,,,,,
arbeláez,municipio,,,,,,,,
beltrán,municipio,,,,,,,,
bituima,municipio,,,,,,,,
bojacá,municipio,,,,,,,,
cabrera,municipio,,,,,,,,
cachipay,municipio,,,,,,,,
cajicá,municipio,,,,,,,,
caparrapí,municipio,,,,,,,,
caqueza,municipio,,,,,,,,
chaguaní,municipio,,,,,,,,
chipaque,municipio,,,,,,,,
choachí,municipio,,,,,,,,
chocontá,municipio,,,,,,,,
cogua,municipio,,,,,,,,
cota,municipio,,,,,,,,
cucunubá,municipio,,,,,,,,
el colegio,municipio,,,,,,,,
el rosal,municipio,,,,,,,,
fomeque,municipio,,,,,,,,
fosca,municipio,,,,,,,,
funza,municipio,,,,,,,,
fúquene,municipio,,,,,,,,
gachala,municipio,,,,,,,,
gachancipá,municipio,,,,,,,,
gachetá,municipio,,,,,,,,
girardot,municipio,,,,,,,,
granada,municipio,,,,,,,,
guachetá,municipio,,,,,,,,
guaduas,municipio,,,,,,,,
guasca,municipio,,,,,,,,
guataquí,municipio,,,,,,,,
guatavita,municipio,,,,,,,,
guayabetal,municipio,,,,,,,,
gutiérrez,municipio,,,,,,,,
jerusalén,municipio,,,,,,,,
junín,municipio,,,,,,,,
la calera,municipio,,,,,,,,
la mesa,municipio,,,,,,,,
la palma,municipio,,,,,,,,
la peña,municipio,,,,,,,,
la vega,municipio,,,,,,,,
lenguazaque,municipio,,,,,,,,
macheta,municipio,,,,,,,,
madrid,municipio,,,,,,,,
manta,municipio,,,,,,,,
medina,municipio,,,,,,,,
mosquera,municipio,,,,,,,,
nariño,municipio,,,,,,,,
nemocón,municipio,,,,,,,,
nilo,municipio,,,,,,,,
nimaima,municipio,,,,,,,,
nocaima,municipio,,,,,,,,
venecia,municipio,,,,,,,,
pacho,municipio,,,,,,,,
paime,municipio,,,,,,,,
pandi,municipio,,,,,,,,
paratebueno,municipio,,,,,,,,
pasca,municipio,,,,,,,,
puerto salgar,municipio,,,,,,,,
pulí,municipio,,,,,,,,
quebradanegra,municipio,,,,,,,,
quetame,municipio,,,,,,,,
quipile,municipio,,,,,,,,
apulo,municipio,,,,,,,,
ricaurte,municipio,,,,,,,,
san bernardo,municipio,,,,,,,,
san cayetano,municipio,,,,,,,,
san francisco,municipio,,,,,,,,
sesquilé,municipio,,,,,,,,
sibaté,municipio,,,,,,,,
silvania,municipio,,,,,,,,
simijaca,municipio,,,,,,,,
soacha,municipio,,,,,,,,
subachoque,municipio,,,,,,,,
suesca,municipio,,,,,,,,
supatá,municipio,,,,,,,,
susa,municipio,,,,,,,,
sutatausa,municipio,,,,,,,,
tabio,municipio,,,,,,,,
tausa,municipio,,,,,,,,
tena,municipio,,,,,,,,
tenjo,municipio,,,,,,,,
tibacuy,municipio,,,,,,,,
tibirita,municipio,,,,,,,,
tocaima,municipio,,,,,,,,
tocancipá,municipio,,,,,,,,
topaipí,municipio,,,,,,,,
ubalá,municipio,,,,,,,,
ubaque,municipio,,,,,,,,
une,municipio,,,,,,,,
útica,municipio,,,,,,,,
vianí,municipio,,,,,,,,
villagómez,municipio,,,,,,,,
villapinzón,municipio,,,,,,,,
villeta,municipio,,,,,,,,
viotá,municipio,,,,,,,,
zipacón,municipio,,,,,,,,
quibdó,municipio,,,,,,,,
acandí,municipio,,,,,,,,
alto baudo,municipio,,,,,,,,
atrato,municipio,,,,,,,,
bagadó,municipio,,,,,,,,
bahía solano,municipio,,,,,,,,
bajo baudó,municipio,,,,,,,,
bojaya,municipio,,,,,,,,
cértegui,municipio,,,,,,,,
condoto,municipio,,,,,,,,
juradó,municipio,,,,,,,,
lloró,municipio,,,,,,,,
medio atrato,municipio,,,,,,,,
medio baudó,municipio,,,,,,,,
medio san juan,municipio,,,,,,,,
nóvita,municipio,,,,,,,,
nuquí,municipio,,,,,,,,
río iro,municipio,,,,,,,,
río quito,municipio,,,,,,,,
riosucio,municipio,,,,,,,,
sipí,municipio,,,,,,,,
unguía,municipio,,,,,,,,
neiva,municipio,,,,,,,,
acevedo,municipio,,,,,,,,
agrado,municipio,,,,,,,,
aipe,municipio,,,,,,,,
algeciras,municipio,,,,,,,,
altamira,municipio,,,,,,,,
baraya,municipio,,,,,,,,
campoalegre,municipio,,,,,,,,
colombia,municipio,,,,,,,,
elías,municipio,,,,,,,,
garzón,municipio,,,,,,,,
gigante,municipio,,,,,,,,
guadalupe,municipio,,,,,,,,
hobo,municipio,,,,,,,,
iquira,municipio,,,,,,,,
isnos,municipio,,,,,,,,
la argentina,municipio,,,,,,,,
la plata,municipio,,,,,,,,
nátaga,municipio,,,,,,,,
oporapa,municipio,,,,,,,,
paicol,municipio,,,,,,,,
palermo,municipio,,,,,,,,
palestina,municipio,,,,,,,,
pital,municipio,,,,,,,,
pitalito,municipio,,,,,,,,
rivera,municipio,,,,,,,,
saladoblanco,municipio,,,,,,,,
santa maría,municipio,,,,,,,,
suaza,municipio,,,,,,,,
tarqui,municipio,,,,,,,,
tesalia,municipio,,,,,,,,
tello,municipio,,,,,,,,
teruel,municipio,,,,,,,,
timaná,municipio,,,,,,,,
villavieja,municipio,,,,,,,,
yaguará,municipio,,,,,,,,
riohacha,municipio,,,,,,,,
albania,municipio,,,,,,,,
barrancas,municipio,,,,,,,,
dibula,municipio,,,,,,,,
distracción,municipio,,,,,,,,
el molino,municipio,,,,,,,,
fonseca,municipio,,,,,,,,
hatonuevo,municipio,,,,,,,,
maicao,municipio,,,,,,,,
manaure,municipio,,,,,,,,
uribia,municipio,,,,,,,,
urumita,municipio,,,,,,,,
villanueva,municipio,,,,,,,,
santa marta,municipio,,,,,,,,
algarrobo,municipio,,,,,,,,
aracataca,municipio,,,,,,,,
ariguaní,municipio,,,,,,,,
cerro san antonio,municipio,,,,,,,,
chivolo,municipio,,,,,,,,
concordia,municipio,,,,,,,,
el banco,municipio,,,,,,,,
el piñon,municipio,,,,,,,,
el retén,municipio,,,,,,,,
fundación,municipio,,,,,,,,
guamal,municipio,,,,,,,,
nueva granada,municipio,,,,,,,,
pedraza,municipio,,,,,,,,
pivijay,municipio,,,,,,,,
plato,municipio,,,,,,,,
remolino,municipio,,,,,,,,
salamina,municipio,,,,,,,,
san zenón,municipio,,,,,,,,
santa ana,municipio,,,,,,,,
sitionuevo,municipio,,,,,,,,
tenerife,municipio,,,,,,,,
zapayán,municipio,,,,,,,,
zona bananera,municipio,,,,,,,,
villavicencio,municipio,,,,,,,,
acacias,municipio,,,,,,,,
cabuyaro,municipio,,,,,,,,
cubarral,municipio,,,,,,,,
cumaral,municipio,,,,,,,,
el calvario,municipio,,,,,,,,
el castillo,municipio,,,,,,,,
el dorado,municipio,,,,,,,,
granada,municipio,,,,,,,,
guamal,municipio,,,,,,,,
mapiripán,municipio,,,,,,,,
mesetas,municipio,,,,,,,,
la macarena,municipio,,,,,,,,
lejanías,municipio,,,,,,,,
puerto concordia,municipio,,,,,,,,
puerto gaitán,municipio,,,,,,,,
puerto lópez,municipio,,,,,,,,
puerto lleras,municipio,,,,,,,,
puerto rico,municipio,,,,,,,,
restrepo,municipio,,,,,,,,
san juanito,municipio,,,,,,,,
san martín,municipio,,,,,,,,
vista hermosa,municipio,,,,,,,,
pasto,municipio,,,,,,,,
albán,municipio,,,,,,,,
aldana,municipio,,,,,,,,
ancuyá,municipio,,,,,,,,
barbacoas,municipio,,,,,,,,
colón,municipio,,,,,,,,
consaca,municipio,,,,,,,,
contadero,municipio,,,,,,,,
córdoba,municipio,,,,,,,,
cuaspud,municipio,,,,,,,,
cumbal,municipio,,,,,,,,
cumbitara,municipio,,,,,,,,
el charco,municipio,,,,,,,,
el peñol,municipio,,,,,,,,
el rosario,municipio,,,,,,,,
el tambo,municipio,,,,,,,,
funes,municipio,,,,,,,,
guachucal,municipio,,,,,,,,
guaitarilla,municipio,,,,,,,,
gualmatán,municipio,,,,,,,,
iles,municipio,,,,,,,,
imués,municipio,,,,,,,,
ipiales,municipio,,,,,,,,
la cruz,municipio,,,,,,,,
la florida,municipio,,,,,,,,
la llanada,municipio,,,,,,,,
la tola,municipio,,,,,,,,
la unión,municipio,,,,,,,,
leiva,municipio,,,,,,,,
linares,municipio,,,,,,,,
los andes,municipio,,,,,,,,
magüí,municipio,,,,,,,,
mallama,municipio,,,,,,,,
mosquera,municipio,,,,,,,,
nariño,municipio,,,,,,,,
olaya herrera,municipio,,,,,,,,
ospina,municipio,,,,,,,,
francisco pizarro,municipio,,,,,,,,
policarpa,municipio,,,,,,,,
potosí,municipio,,,,,,,,
providencia,municipio,,,,,,,,
puerres,municipio,,,,,,,,
pupiales,municipio,,,,,,,,
ricaurte,municipio,,,,,,,,
roberto payán,municipio,,,,,,,,
samaniego,municipio,,,,,,,,
sandoná,municipio,,,,,,,,
san bernardo,municipio,,,,,,,,
san lorenzo,municipio,,,,,,,,
san pablo,municipio,,,,,,,,
santa bárbara,municipio,,,,,,,,
sapuyes,municipio,,,,,,,,
taminango,municipio,,,,,,,,
tangua,municipio,,,,,,,,
túquerres,municipio,,,,,,,,
yacuanquer,municipio,,,,,,,,
armenia,municipio,,,,,,,,
buenavista,municipio,,,,,,,,
circasia,municipio,,,,,,,,
córdoba,municipio,,,,,,,,
filandia,municipio,,,,,,,,
la tebaida,municipio,,,,,,,,
montenegro,municipio,,,,,,,,
pijao,municipio,,,,,,,,
quimbaya,municipio,,,,,,,,
salento,municipio,,,,,,,,
pereira,municipio,,,,,,,,
apía,municipio,,,,,,,,
balboa,municipio,,,,,,,,
dosquebradas,municipio,,,,,,,,
guática,municipio,,,,,,,,
la celia,municipio,,,,,,,,
la virginia,municipio,,,,,,,,
marsella,municipio,,,,,,,,
mistrató,municipio,,,,,,,,
pueblo rico,municipio,,,,,,,,
quinchía,municipio,,,,,,,,
santuario,municipio,,,,,,,,
bucaramanga,municipio,,,,,,,,
aguada,municipio,,,,,,,,
albania,municipio,,,,,,,,
aratoca,municipio,,,,,,,,
barbosa,municipio,,,,,,,,
barichara,municipio,,,,,,,,
barrancabermeja,municipio,,,,,,,,
betulia,municipio,,,,,,,,
bolívar,municipio,,,,,,,,
cabrera,municipio,,,,,,,,
california,municipio,,,,,,,,
carcasí,municipio,,,,,,,,
cepitá,municipio,,,,,,,,
cerrito,municipio,,,,,,,,
charalá,municipio,,,,,,,,
charta,municipio,,,,,,,,
chipatá,municipio,,,,,,,,
cimitarra,municipio,,,,,,,,
concepción,municipio,,,,,,,,
confines,municipio,,,,,,,,
contratación,municipio,,,,,,,,
coromoro,municipio,,,,,,,,
curití,municipio,,,,,,,,
el guacamayo,municipio,,,,,,,,
el playón,municipio,,,,,,,,
encino,municipio,,,,,,,,
enciso,municipio,,,,,,,,
florián,municipio,,,,,,,,
floridablanca,municipio,,,,,,,,
galán,municipio,,,,,,,,
gambita,municipio,,,,,,,,
girón,municipio,,,,,,,,
guaca,municipio,,,,,,,,
guadalupe,municipio,,,,,,,,
guapotá,municipio,,,,,,,,
guavatá,municipio,,,,,,,,
güepsa,municipio,,,,,,,,
jesús maría,municipio,,,,,,,,
jordán,municipio,,,,,,,,
la belleza,municipio,,,,,,,,
landázuri,municipio,,,,,,,,
la paz,municipio,,,,,,,,
lebríja,municipio,,,,,,,,
los santos,municipio,,,,,,,,
macaravita,municipio,,,,,,,,
málaga,municipio,,,,,,,,
matanza,municipio,,,,,,,,
mogotes,municipio,,,,,,,,
molagavita,municipio,,,,,,,,
ocamonte,municipio,,,,,,,,
oiba,municipio,,,,,,,,
onzaga,municipio,,,,,,,,
palmar,municipio,,,,,,,,
páramo,municipio,,,,,,,,
piedecuesta,municipio,,,,,,,,
pinchote,municipio,,,,,,,,
puente nacional,municipio,,,,,,,,
rionegro,municipio,,,,,,,,
san andrés,municipio,,,,,,,,
san gil,municipio,,,,,,,,
san joaquín,municipio,,,,,,,,
san miguel,municipio,,,,,,,,
santa bárbara,municipio,,,,,,,,
simacota,municipio,,,,,,,,
socorro,municipio,,,,,,,,
suaita,municipio,,,,,,,,
sucre,municipio,,,,,,,,
suratá,municipio,,,,,,,,
tona,municipio,,,,,,,,
vélez,municipio,,,,,,,,
vetas,municipio,,,,,,,,
villanueva,municipio,,,,,,,,
zapatoca,municipio,,,,,,,,
sincelejo,municipio,,,,,,,,
buenavista,municipio,,,,,,,,
caimito,municipio,,,,,,,,
coloso,municipio,,,,,,,,
coveñas,municipio,,,,,,,,
chalán,municipio,,,,,,,,
el roble,municipio,,,,,,,,
galeras,municipio,,,,,,,,
guaranda,municipio,,,,,,,,
la unión,municipio,,,,,,,,
los palmitos,municipio,,,,,,,,
majagual,municipio,,,,,,,,
morroa,municipio,,,,,,,,
ovejas,municipio,,,,,,,,
palmito,municipio,,,,,,,,
san benito abad,municipio,,,,,,,,
san marcos,municipio,,,,,,,,
san onofre,municipio,,,,,,,,
san pedro,municipio,,,,,,,,
sucre,municipio,,,,,,,,
tolú viejo,municipio,,,,,,,,
alpujarra,municipio,,,,,,,,
alvarado,municipio,,,,,,,,
ambalema,municipio,,,,,,,,
armero,municipio,,,,,,,,
ataco,municipio,,,,,,,,
cajamarca,municipio,,,,,,,,
chaparral,municipio,,,,,,,,
coello,municipio,,,,,,,,
coyaima,municipio,,,,,,,,
cunday,municipio,,,,,,,,
dolores,municipio,,,,,,,,
espinal,municipio,,,,,,,,
falan,municipio,,,,,,,,
flandes,municipio,,,,,,,,
fresno,municipio,,,,,,,,
guamo,municipio,,,,,,,,
herveo,municipio,,,,,,,,
honda,municipio,,,,,,,,
icononzo,municipio,,,,,,,,
mariquita,municipio,,,,,,,,
melgar,municipio,,,,,,,,
murillo,municipio,,,,,,,,
natagaima,municipio,,,,,,,,
ortega,municipio,,,,,,,,
palocabildo,municipio,,,,,,,,
piedras,municipio,,,,,,,,
planadas,municipio,,,,,,,,
prado,municipio,,,,,,,,
purificación,municipio,,,,,,,,
rio blanco,municipio,,,,,,,,
roncesvalles,municipio,,,,,,,,
rovira,municipio,,,,,,,,
saldaña,municipio,,,,,,,,
santa isabel,municipio,,,,,,,,
venadillo,municipio,,,,,,,,
villahermosa,municipio,,,,,,,,
villarrica,municipio,,,,,,,,
arauquita,municipio,,,,,,,,
cravo norte,municipio,,,,,,,,
fortul,municipio,,,,,,,,
puerto rondón,municipio,,,,,,,,
saravena,municipio,,,,,,,,
tame,municipio,,,,,,,,
arauca,municipio,,,,,,,,
yopal,municipio,,,,,,,,
aguazul,municipio,,,,,,,,
chámeza,municipio,,,,,,,,
hato corozal,municipio,,,,,,,,
la salina,municipio,,,,,,,,
monterrey,municipio,,,,,,,,
pore,municipio,,,,,,,,
recetor,municipio,,,,,,,,
sabanalarga,municipio,,,,,,,,
sácama,municipio,,,,,,,,
tauramena,municipio,,,,,,,,
trinidad,municipio,,,,,,,,
villanueva,municipio,,,,,,,,
mocoa,municipio,,,,,,,,
colón,municipio,,,,,,,,
orito,municipio,,,,,,,,
puerto caicedo,municipio,,,,,,,,
puerto guzmán,municipio,,,,,,,,
leguízamo,municipio,,,,,,,,
sibundoy,municipio,,,,,,,,
san francisco,municipio,,,,,,,,
san miguel,municipio,,,,,,,,
santiago,municipio,,,,,,,,
leticia,municipio,,,,,,,,
el encanto,municipio,,,,,,,,
la chorrera,municipio,,,,,,,,
la pedrera,municipio,,,,,,,,
la victoria,municipio,,,,,,,,
puerto arica,municipio,,,,,,,,
puerto nariño,municipio,,,,,,,,
puerto santander,municipio,,,,,,,,
tarapacá,municipio,,,,,,,,
inírida,municipio,,,,,,,,
barranco minas,municipio,,,,,,,,
mapiripana,municipio,,,,,,,,
san felipe,municipio,,,,,,,,
puerto colombia,municipio,,,,,,,,
la guadalupe,municipio,,,,,,,,
cacahual,municipio,,,,,,,,
pana pana,municipio,,,,,,,,
mitú,municipio,,,,,,,,
carurú,municipio,,,,,,,,
taraira,municipio,,,,,,,,
papunahua,municipio,,,,,,,,
yavaraté,municipio,,,,,,,,
pacoa,municipio,,,,,,,,
morichal,municipio,,,,,,,,
puerto carreño,municipio,,,,,,,,
la primavera,municipio,,,,,,,,
santa rosalía,municipio,,,,,,,,
cumaribo,municipio,,,,,,,,
san josé del fragua,municipio,,,,,,,,
barranca de upía,municipio,,,,,,,,
palmas del socorro,municipio,,,,,,,,
san juan de río seco,municipio,,,,,,,,
juan de acosta,municipio,,,,,,,,
fuente de oro,municipio,,,,,,,,
san luis de gaceno,municipio,,,,,,,,
el litoral del san juan,municipio,,,,,,,,
villa de san diego de ubate,municipio,,,,,,,,
barranco de loba,municipio,,,,,,,,
togüí,municipio,,,,,,,,
santa rosa del sur,municipio,,,,,,,,
el cantón del san pablo,municipio,,,,,,,,
villa de leyva,municipio,,,,,,,,
san sebastián de buenavista,municipio,,,,,,,,
paz de río,municipio,,,,,,,,
hatillo de loba,municipio,,,,,,,,
sabanas de san angel,municipio,,,,,,,,
calamar,municipio,,,,,,,,
río de oro,municipio,,,,,,,,
san pedro de uraba,municipio,,,,,,,,
san josé del guaviare,municipio,,,,,,,,
santa rosa de viterbo,municipio,,,,,,,,
santander de quilichao,municipio,,,,,,,,
miraflores,municipio,,,,,,,,
santafé de antioquia,municipio,,,,,,,,
san carlos de guaroa,municipio,,,,,,,,
palmar de varela,municipio,,,,,,,,
santa rosa de osos,municipio,,,,,,,,
san andrés de cuerquía,municipio,,,,,,,,
valle de san juan,municipio,,,,,,,,
san vicente de chucurí,municipio,,,,,,,,
san josé de miranda,municipio,,,,,,,,
providencia,municipio,,,,,,,,
santa rosa de cabal,municipio,,,,,,,,
guayabal de siquima,municipio,,,,,,,,
belén de los andaquies,municipio,,,,,,,,
paz de ariporo,municipio,,,,,,,,
santa helena del opón,municipio,,,,,,,,
san pablo de borbur,municipio,,,,,,,,
la jagua del pilar,municipio,,,,,,,,
la jagua de ibirico,municipio,,,,,,,,
san luis de sincé,municipio,,,,,,,,
san luis de gaceno,municipio,,,,,,,,
el carmen de bolívar,municipio,,,,,,,,
el carmen de atrato,municipio,,,,,,,,
san juan de betulia,municipio,,,,,,,,
pijiño del carmen,municipio,,,,,,,,
vigía del fuerte,municipio,,,,,,,,
san martín de loba,municipio,,,,,,,,
altos del rosario,municipio,,,,,,,,
carmen de apicala,municipio,,,,,,,,
san antonio del tequendama,municipio,,,,,,,,
sabana de torres,municipio,,,,,,,,
el retorno,municipio,,,,,,,,
san josé de uré,municipio,,,,,,,,
san pedro de cartago,municipio,,,,,,,,
campo de la cruz,municipio,,,,,,,,
san juan de arama,municipio,,,,,,,,
san josé de la montaña,municipio,,,,,,,,
cartagena del chairá,municipio,,,,,,,,
san josé del palmar,municipio,,,,,,,,
agua de dios,municipio,,,,,,,,
san jacinto del cauca,municipio,,,,,,,,
san agustín,municipio,,,,,,,,
el tablón de gómez,municipio,,,,,,,,
san andrés,municipio,,,,,,,,
san josé de pare,municipio,,,,,,,,
valle de guamez,municipio,,,,,,,,
san pablo de borbur,municipio,,,,,,,,
santiago de tolú,municipio,,,,,,,,
bogotá d.c.,municipio,,,,,,,,
carmen de carupa,municipio,,,,,,,,
ciénaga de oro,municipio,,,,,,,,
san juan de urabá,municipio,,,,,,,,
san juan del cesar,municipio,,,,,,,,
el carmen de chucurí,municipio,,,,,,,,
el carmen de viboral,municipio,,,,,,,,
belén de umbría,municipio,,,,,,,,
belén de bajira,municipio,,,,,,,,
valle de san josé,municipio,,,,,,,,
san luis,municipio,,,,,,,,
san miguel de sema,municipio,,,,,,,,
san antonio,municipio,,,,,,,,
san benito,municipio,,,,,,,,
vergara,municipio,,,,,,,,
san carlos,municipio,,,,,,,,
puerto alegría,municipio,,,,,,,,
hato,municipio,,,,,,,,
san jacinto,municipio,,,,,,,,
san sebastián,municipio,,,,,,,,
san carlos,municipio,,,,,,,,
tuta,municipio,,,,,,,,
silos,municipio,,,,,,,,
cácota,municipio,,,,,,,,
el dovio,municipio,,,,,,,,
toledo,municipio,,,,,,,,
roldanillo,municipio,,,,,,,,
mutiscua,municipio,,,,,,,,
argelia,municipio,,,,,,,,
el zulia,municipio,,,,,,,,
salazar,municipio,,,,,,,,
sevilla,municipio,,,,,,,,
zarzal,municipio,,,,,,,,
cucutilla,municipio,,,,,,,,
el cerrito,municipio,,,,,,,,
cartago,municipio,,,,,,,,
caicedonia,municipio,,,,,,,,
puerto santander,municipio,,,,,,,,
gramalote,municipio,,,,,,,,
el cairo,municipio,,,,,,,,
el tarra,municipio,,,,,,,,
la unión,municipio,,,,,,,,
restrepo,municipio,,,,,,,,
teorama,municipio,,,,,,,,
dagua,municipio,,,,,,,,
arboledas,municipio,,,,,,,,
guacarí,municipio,,,,,,,,
lourdes,municipio,,,,,,,,
ansermanuevo,municipio,,,,,,,,
bochalema,municipio,,,,,,,,
bugalagrande,municipio,,,,,,,,
convención,municipio,,,,,,,,
hacarí,municipio,,,,,,,,
la victoria,municipio,,,,,,,,
herrán,municipio,,,,,,,,
ginebra,municipio,,,,,,,,
yumbo,municipio,,,,,,,,
obando,municipio,,,,,,,,
tibú,municipio,,,,,,,,
san cayetano,municipio,,,,,,,,
san calixto,municipio,,,,,,,,
bolívar,municipio,,,,,,,,
la playa,municipio,,,,,,,,
cali,municipio,,,,,,,,
san pedro,municipio,,,,,,,,
guadalajara de buga,municipio,,,,,,,,
chinácota,municipio,,,,,,,,
ragonvalia,municipio,,,,,,,,
la esperanza,municipio,,,,,,,,
villa del rosario,municipio,,,,,,,,
chitagá,municipio,,,,,,,,
calima,municipio,,,,,,,,
sardinata,municipio,,,,,,,,
andalucía,municipio,,,,,,,,
pradera,municipio,,,,,,,,
abrego,municipio,,,,,,,,
los patios,municipio,,,,,,,,
ocaña,municipio,,,,,,,,
bucarasica,municipio,,,,,,,,
yotoco,municipio,,,,,,,,
palmira,municipio,,,,,,,,
riofrío,municipio,,,,,,,,
santiago,municipio,,,,,,,,
alcalá,municipio,,,,,,,,
versalles,municipio,,,,,,,,
labateca,municipio,,,,,,,,
cachirá,municipio,,,,,,,,
villa caro,municipio,,,,,,,,
durania,municipio,,,,,,,,
el águila,municipio,,,,,,,,
toro,municipio,,,,,,,,
candelaria,municipio,,,,,,,,
la cumbre,municipio,,,,,,,,
ulloa,municipio,,,,,,,,
trujillo,municipio,,,,,,,,
vijes,municipio,,,,,,,,
chimá,municipio,,,,,,,,
sampués,municipio,,,,,,,,
nunchía,municipio,,,,,,,,
pamplona,municipio,,,,,,,,
albán,municipio,,,,,,,,
montelíbano,municipio,,,,,,,,
puerto asís,municipio,,,,,,,,
corozal,municipio,,,,,,,,
buesaco,municipio,,,,,,,,
maní,municipio,,,,,,,,
el peñón,municipio,,,,,,,,
tuluá,municipio,,,,,,,,
casabianca,municipio,,,,,,,,
anolaima,municipio,,,,,,,,
chía,municipio,,,,,,,,
san andrés de tumaco,municipio,,,,,,,,
milán,municipio,,,,,,,,
capitanejo,municipio,,,,,,,,
anzoátegui,municipio,,,,,,,,
florida,municipio,,,,,,,,
repelón,municipio,,,,,,,,
frontino,municipio,,,,,,,,
el peñón,municipio,,,,,,,,
pamplonita,municipio,,,,,,,,
miriti paraná,municipio,,,,,,,,
támara,municipio,,,,,,,,
tibasosa,municipio,,,,,,,,
páez,municipio,,,,,,,,
ibagué,municipio,,,,,,,,
puerto colombia,municipio,,,,,,,,
belén,municipio,,,,,,,,
sopó,municipio,,,,,,,,
carmen del darien,municipio,,,,,,,,
gama,municipio,,,,,,,,
sasaima,municipio,,,,,,,,
chachagüí,municipio,,,,,,,,
cúcuta,municipio,,,,,,,,
cartagena,municipio,,,,,,,,
granada,municipio,,,,,,,,
santa bárbara de pinto,municipio,,,,,,,,
maría la baja,municipio,,,,,,,,
la montañita,municipio,,,,,,,,
san vicente del caguán,municipio,,,,,,,,
el peñón,municipio,,,,,,,,
jardín,municipio,,,,,,,,
jamundí,municipio,,,,,,,,
tadó,municipio,,,,,,,,
orocué,municipio,,,,,,,,
líbano,municipio,,,,,,,,
yacopí,municipio,,,,,,,,
calarcá,municipio,,,,,,,,
sonsón,municipio,,,,,,,,
el carmen,municipio,,,,,,,,
lérida,municipio,,,,,,,,
la apartada,municipio,,,,,,,,
san cristóbal,municipio,,,,,,,,
fusagasugá,municipio,,,,,,,,
zambrano,municipio,,,,,,,,
la uvita,municipio,,,,,,,,
zipaquirá,municipio,,,,,,,,
génova,municipio,,,,,,,,
suárez,municipio,,,,,,,,
castilla la nueva,municipio,,,,,,,,
belén,municipio,,,,,,,,
unión panamericana,municipio,,,,,,,,
pueblo viejo,municipio,,,,,,,,
villagarzón,municipio,,,,,,,,
facatativá,municipio,,,,,,,,
puerto libertador,municipio,,,,,,,,
marquetalia,municipio,,,,,,,,
arboleda,municipio,,,,,,,,
buenaventura,municipio,,,,,,,,
ciénaga,municipio,,,,,,,,
ponedera,municipio,,,,,,,,
amazonas,departamento,,,,,,,,
antioquia,departamento,,,,,,,,
arauca,departamento,,,,,,,,
archipiélago,zona,,,,,,,,
providencia,departamento,,,,,,,,
santa catalina,departamento,,,,,,,,
san andrés,departamento,,,,,,,,
atlántico,departamento,,,,,,,,
bogotá d.c.,departamento,,,,,,,,
bolívar,departamento,,,,,,,,
boyacá,departamento,,,,,,,,
caldas,departamento,,,,,,,,
caquetá,departamento,,,,,,,,
casanare,departamento,,,,,,,,
cauca,departamento,,,,,,,,
cesar,departamento,,,,,,,,
chocó,departamento,,,,,,,,
córdoba,departamento,,,,,,,,
cundinamarca,departamento,,,,,,,,
guainía,departamento,,,,,,,,
guaviare,departamento,,,,,,,,
huila,departamento,,,,,,,,
la guajira,departamento,,,,,,,,
magdalena,departamento,,,,,,,,
meta,departamento,,,,,,,,
nariño,departamento,,,,,,,,
norte de santander,departamento,,,,,,,,
putumayo,departamento,,,,,,,,
quindío,departamento,,,,,,,,
risaralda,departamento,,,,,,,,
santander,departamento,,,,,,,,
sucre,departamento,,,,,,,,
tolima,departamento,,,,,,,,
valle del cauca,departamento,,,,,,,,
vaupés,departamento,,,,,,,,
vichada,departamento,,,,,,,,
municipio,municipio,,,,,,,,
departamento,departamento,,,,,,,,
ciudades,zona,,,,,,,,
ciudad,zona,,,,,,,,
vereda,zona,,,,,,,,
paraje,zona,,,,,,,,
país,zona,,,,,,,,
colombia,país,,,,,,,,
venezuela,país,,,,,,,,
méxico,país,,,,,,,,
perú,país,,,,,,,,
ecuador,país,,,,,,,,
maracaibo,municipio,,,,,,,,
caracas,municipio,,,,,,,,
quito,municipio,,,,,,,,
lima,municipio,,,,,,,,
bahía portete,vereda,,,,,,,,
puerto nuevo,vereda,,,,,,,,
carrillo,vereda,,,,,,,,
el salado,vereda,,,,,,,,
región,zona,,,,,,,,
campo,zona,,,,,,,,
occidente,zona,,,,,,,,
nordeste antioqueño,zona,,,,,,,,
sur occidente,zona,,,,,,,,
noroccidente,zona,,,,,,,,
nororiente,zona,,,,,,,,
portete,zona,,,,,,,,
urubá,zona,,,,,,,,
noroeste,zona,,,,,,,,
panamericana,zona,,,,,,,,
bellavista,zona,,,,,,,,
zona,zona,,,,,,,,
montes de maría,zona,,,,,,,,
caribe,zona,,,,,,,,
suroccidente,zona,,,,,,,,
heladería,zona,,,,,,,,
escuela,zona,,,,,,,,
universidad,zona,,,,,,,,
plaza,zona,,,,,,,,
iglesia,zona,,,,,,,,
parque,zona,,,,,,,,
kiosco,zona,,,,,,,,
casas,zona,,,,,,,,
casa,zona,,,,,,,,
cementerio,zona,,,,,,,,
cuartel,zona,,,,,,,,
finca,zona,,,,,,,,
río,zona,,,,,,,,
pueblo,zona,,,,,,,,
parque monumento,zona,,,,,,,,
manglares,zona,,,,,,,,
desierto,zona,,,,,,,,
puerto,zona,,,,,,,,
enramada,zona,,,,,,,,
colegio,zona,,,,,,,,
escuela,zona,,,,,,,,
hospital,zona,,,,,,,,
restaurante,zona,,,,,,,,
centro de salud,zona,,,,,,,,
mares,zona,,,,,,,,
carretera,zona,,,,,,,,
urgencias,zona,,,,,,,,
casa cural,zona,,,,,,,,
orilla,zona,,,,,,,,
barrio,zona,,,,,,,,
porvenir,zona,,,,,,,,
casa de la cultura,zona,,,,,,,,
mercado viejo,zona,,,,,,,,
concejo municipal,zona,,,,,,,,
ferretería,zona,,,,,,,,
montes de maría,zona,,,,,,,,
